<!--
  ~
  ~   Licensed to the Apache Software Foundation (ASF) under one or more
  ~   contributor license agreements.  See the NOTICE file distributed with
  ~   this work for additional information regarding copyright ownership.
  ~   The ASF licenses this file to You under the Apache License, Version 2.0
  ~   (the "License"); you may not use this file except in compliance with
  ~   the License.  You may obtain a copy of the License at
  ~
  ~       http://www.apache.org/licenses/LICENSE-2.0
  ~
  ~   Unless required by applicable law or agreed to in writing, software
  ~   distributed under the License is distributed on an "AS IS" BASIS,
  ~   WITHOUT WARRANTIES OR CONDITIONS OF ANY KIND, either express or implied.
  ~   See the License for the specific language governing permissions and
  ~   limitations under the License.
  ~
  -->

<beans xmlns:xsi="http://www.w3.org/2001/XMLSchema-instance"
       xmlns:dubbo="http://dubbo.apache.org/schema/dubbo"
       xmlns:context="http://www.springframework.org/schema/context"
       xmlns="http://www.springframework.org/schema/beans"
       xsi:schemaLocation="http://www.springframework.org/schema/beans http://www.springframework.org/schema/beans/spring-beans.xsd
       http://dubbo.apache.org/schema/dubbo http://dubbo.apache.org/schema/dubbo/dubbo.xsd http://www.springframework.org/schema/context http://www.springframework.org/schema/context/spring-context.xsd">
    <context:property-placeholder/>

    <dubbo:application name="rocketmq-consumer"/>

    <dubbo:registry address="nameservice://localhost:9876">
        <dubbo:parameter key="route" value="falsee"/>
    </dubbo:registry>

    <dubbo:protocol name="rocketmq" id="rocketmq">
        <dubbo:parameter key="groupModel" value="topic"/>
    </dubbo:protocol>

    <dubbo:consumer>
        <dubbo:parameter key="groupModel" value="topic"/>
    </dubbo:consumer>

    <dubbo:reference id="demoService"
                     interface="org.apache.dubbo.samples.rocketmq.api.DemoService" protocol="rocketmq"/>
</beans>
