<?xml version="1.0" encoding="UTF-8"?>
<!--
  Licensed to the Apache Software Foundation (ASF) under one or more
  contributor license agreements.  See the NOTICE file distributed with
  this work for additional information regarding copyright ownership.
  The ASF licenses this file to You under the Apache License, Version 2.0
  (the "License"); you may not use this file except in compliance with
  the License.  You may obtain a copy of the License at

      http://www.apache.org/licenses/LICENSE-2.0

  Unless required by applicable law or agreed to in writing, software
  distributed under the License is distributed on an "AS IS" BASIS,
  WITHOUT WARRANTIES OR CONDITIONS OF ANY KIND, either express or implied.
  See the License for the specific language governing permissions and
  limitations under the License.
  -->

<beans xmlns:xsi="http://www.w3.org/2001/XMLSchema-instance"
       xmlns:dubbo="http://dubbo.apache.org/schema/dubbo"
       xmlns="http://www.springframework.org/schema/beans"
       xmlns:context="http://www.springframework.org/schema/context"
       xsi:schemaLocation="http://www.springframework.org/schema/beans http://www.springframework.org/schema/beans/spring-beans-4.3.xsd
       http://dubbo.apache.org/schema/dubbo http://dubbo.apache.org/schema/dubbo/dubbo.xsd http://www.springframework.org/schema/context
       http://www.springframework.org/schema/context/spring-context.xsd">

    <context:component-scan base-package="org.apache.dubbo.samples.rest"/>

    <dubbo:application name="rest-provider" owner="programmer" organization="dubbo"/>

    <dubbo:registry address="zookeeper://${zookeeper.address:127.0.0.1}:2181"/>

    <!-- use netty server -->
    <!--<dubbo:protocol name="rest" port="8888" keepalive="true" server="netty" iothreads="5" threads="100" contextpath="services"/>-->

    <!-- use tomcat server -->
    <dubbo:protocol name="rest" port="8888" threads="500" contextpath="services" server="tomcat" accepts="500"
                    extension="org.apache.dubbo.samples.rest.api.extension.TraceInterceptor,
                    org.apache.dubbo.samples.rest.api.extension.TraceFilter,
                    org.apache.dubbo.samples.rest.api.extension.ClientTraceFilter,
                    org.apache.dubbo.samples.rest.api.extension.DynamicTraceBinding,
                    org.apache.dubbo.samples.rest.api.extension.CustomExceptionMapper,
                    org.apache.dubbo.rpc.protocol.rest.support.LoggingFilter"/>

    <dubbo:protocol name="dubbo" port="20880" threads="200"/>

    <!-- use the external tomcat or other server with the servlet approach; the port and contextpath must be exactly the same as those in external server -->
    <!--<dubbo:protocol name="rest" port="8888" contextpath="services" server="servlet"/>-->

    <!-- we add the group property since there's another annotation-configured service impl: com.alibaba.dubbo.demo.user.facade.AnnotationDrivenUserRestServiceImpl -->
    <dubbo:service interface="org.apache.dubbo.samples.rest.api.UserService" ref="userService" protocol="dubbo"
                   group="xmlConfig"/>

    <dubbo:service interface="org.apache.dubbo.samples.rest.api.facade.UserRestService" ref="userRestService"
                   protocol="rest" validation="true"/>
    <dubbo:service interface="org.apache.dubbo.samples.rest.api.facade.AnotherUserRestService"
                   ref="anotherUserRestService" protocol="rest,dubbo" timeout="2000" connections="100"
                   validation="true"/>


    <!-- SwaggerUI -->
    <bean id="swaggerService" class="org.apache.dubbo.integration.swagger.DubboSwaggerApiListingResource" />
    <bean id="beanConfig" class="io.swagger.jaxrs.config.BeanConfig">
        <property name="schemes" value="http" />
        <property name="resourcePackage" value="org.apache.dubbo.samples.rest.api"/>
        <property name="version" value="2.0"/>
        <property name="host" value="localhost:8888"/>
        <property name="basePath" value="/services/"/>
        <property name="title" value="title"/>
        <property name="description" value="desc"/>
        <property name="contact" value="abc"/>
        <property name="license" value="Apache 2.0"/>
        <property name="licenseUrl" value="http://www.apache.org/licenses/LICENSE-2.0.html"/>
        <property name="scan" value="true" />
    </bean>
    <dubbo:service interface="org.apache.dubbo.integration.swagger.DubboSwaggerService" ref="swaggerService" protocol="rest" />


</beans>
